Bluetooth headphones,Wireless mouse
Instant Pot,Air fryer,Yoga mat
Kindle e-reader,Smart home speaker
Portable phone charger,Waterproof phone case
Vacuum cleaner,Bluetooth headphones
Air fryer,Yoga mat,Portable phone charger
Smart home speaker,Wireless mouse
Instant Pot,Vacuum cleaner,Waterproof phone case
Bluetooth headphones,Kindle e-reader,Yoga mat
Portable phone charger,Smart home speaker,Wireless mouse
Air fryer,Instant Pot,Vacuum cleaner
Waterproof phone case,Yoga mat
Bluetooth headphones,Portable phone charger,Smart home speaker
Kindle e-reader,Wireless mouse,Air fryer
Vacuum cleaner,Instant Pot,Yoga mat
Portable phone charger,Bluetooth headphones
Smart home speaker,Vacuum cleaner,Waterproof phone case
Air fryer,Kindle e-reader
Wireless mouse,Instant Pot,Yoga mat
Bluetooth headphones,Smart home speaker,Portable phone charger