Coffee Maker,Reusable Water Bottle
Cookbook,Throw Blanket,Decorative Pillows
Wall Art,Fitness Resistance Bands
Board Games,Indoor Plants
Coffee Maker,Hair Dryer
Throw Blanket,Reusable Water Bottle,Fitness Resistance Bands
Cookbook,Wall Art
Decorative Pillows,Indoor Plants,Board Games
Coffee Maker,Cookbook,Decorative Pillows
Fitness Resistance Bands,Throw Blanket
Hair Dryer,Wall Art,Reusable Water Bottle
Indoor Plants,Decorative Pillows
Coffee Maker,Board Games,Fitness Resistance Bands
Throw Blanket,Indoor Plants,Cookbook
Reusable Water Bottle,Hair Dryer
Decorative Pillows,Wall Art,Board Games
Fitness Resistance Bands,Indoor Plants
Coffee Maker,Throw Blanket
Cookbook,Hair Dryer,Reusable Water Bottle
Wall Art,Fitness Resistance Bands,Decorative Pillows